"Date","Time (GMT)","Predicted (ft)","Preliminary (ft)","Verified (ft)"
"2024/03/09","00:00","3.679","5","-"
"2024/03/09","00:06","3.962","5.32","-"
"2024/03/09","00:12","4.241","5.63","-"
"2024/03/09","00:18","4.514","5.95","-"
"2024/03/09","00:24","4.78","6.26","-"
"2024/03/09","00:30","5.037","6.57","-"
"2024/03/09","00:36","5.284","6.88","-"
"2024/03/09","00:42","5.52","7.18","-"
"2024/03/09","00:48","5.745","7.46","-"
"2024/03/09","00:54","5.958","7.72","-"
"2024/03/09","01:00","6.158","7.95","-"
"2024/03/09","01:06","6.345","8.16","-"
"2024/03/09","01:12","6.519","8.35","-"
"2024/03/09","01:18","6.68","8.54","-"
"2024/03/09","01:24","6.827","8.68","-"
"2024/03/09","01:30","6.962","8.8","-"
"2024/03/09","01:36","7.084","8.9","-"
"2024/03/09","01:42","7.194","8.99","-"
"2024/03/09","01:48","7.293","9.06","-"
"2024/03/09","01:54","7.38","9.1","-"
"2024/03/09","02:00","7.457","9.11","-"
"2024/03/09","02:06","7.523","9.12","-"
"2024/03/09","02:12","7.581","9.11","-"
"2024/03/09","02:18","7.629","9.11","-"
"2024/03/09","02:24","7.669","9.1","-"
"2024/03/09","02:30","7.701","9.09","-"
"2024/03/09","02:36","7.725","9.07","-"
"2024/03/09","02:42","7.742","9.05","-"
"2024/03/09","02:48","7.752","9.04","-"
"2024/03/09","02:54","7.755","9.04","-"
"2024/03/09","03:00","7.751","9.03","-"
"2024/03/09","03:06","7.74","9.01","-"
"2024/03/09","03:12","7.722","8.99","-"
"2024/03/09","03:18","7.697","8.96","-"
"2024/03/09","03:24","7.664","8.91","-"
"2024/03/09","03:30","7.624","8.88","-"
"2024/03/09","03:36","7.576","8.82","-"
"2024/03/09","03:42","7.519","8.76","-"
"2024/03/09","03:48","7.454","8.7","-"
"2024/03/09","03:54","7.38","8.64","-"
"2024/03/09","04:00","7.296","8.58","-"
"2024/03/09","04:06","7.203","8.51","-"
"2024/03/09","04:12","7.099","8.41","-"
"2024/03/09","04:18","6.986","8.32","-"
"2024/03/09","04:24","6.862","8.22","-"
"2024/03/09","04:30","6.727","8.1","-"
"2024/03/09","04:36","6.582","7.99","-"
"2024/03/09","04:42","6.427","7.84","-"
"2024/03/09","04:48","6.261","7.69","-"
"2024/03/09","04:54","6.085","7.52","-"
"2024/03/09","05:00","5.899","7.34","-"
"2024/03/09","05:06","5.704","7.16","-"
"2024/03/09","05:12","5.499","6.97","-"
"2024/03/09","05:18","5.287","6.77","-"
"2024/03/09","05:24","5.067","6.55","-"
"2024/03/09","05:30","4.84","6.33","-"
"2024/03/09","05:36","4.607","6.1","-"
"2024/03/09","05:42","4.369","5.84","-"
"2024/03/09","05:48","4.126","5.59","-"
"2024/03/09","05:54","3.881","5.34","-"
"2024/03/09","06:00","3.634","5.1","-"
"2024/03/09","06:06","3.386","4.86","-"
"2024/03/09","06:12","3.139","4.62","-"
"2024/03/09","06:18","2.892","4.36","-"
"2024/03/09","06:24","2.649","4.12","-"
"2024/03/09","06:30","2.409","3.88","-"
"2024/03/09","06:36","2.174","3.63","-"
"2024/03/09","06:42","1.944","3.38","-"
"2024/03/09","06:48","1.721","3.14","-"
"2024/03/09","06:54","1.506","2.91","-"
"2024/03/09","07:00","1.299","2.68","-"
"2024/03/09","07:06","1.1","2.48","-"
"2024/03/09","07:12","0.911","2.25","-"
"2024/03/09","07:18","0.732","2.05","-"
"2024/03/09","07:24","0.563","1.87","-"
"2024/03/09","07:30","0.405","1.69","-"
"2024/03/09","07:36","0.257","1.54","-"
"2024/03/09","07:42","0.119","1.39","-"
"2024/03/09","07:48","-0.008","1.25","-"
"2024/03/09","07:54","-0.125","1.13","-"
"2024/03/09","08:00","-0.233","1.02","-"
"2024/03/09","08:06","-0.33","0.94","-"
"2024/03/09","08:12","-0.419","0.85","-"
"2024/03/09","08:18","-0.499","0.79","-"
"2024/03/09","08:24","-0.571","0.73","-"
"2024/03/09","08:30","-0.635","0.68","-"
"2024/03/09","08:36","-0.691","0.64","-"
"2024/03/09","08:42","-0.741","0.57","-"
"2024/03/09","08:48","-0.784","0.55","-"
"2024/03/09","08:54","-0.82","0.5","-"
"2024/03/09","09:00","-0.85","0.47","-"
"2024/03/09","09:06","-0.874","0.42","-"
"2024/03/09","09:12","-0.892","0.38","-"
"2024/03/09","09:18","-0.903","0.35","-"
"2024/03/09","09:24","-0.908","0.33","-"
"2024/03/09","09:30","-0.906","0.31","-"
"2024/03/09","09:36","-0.896","0.31","-"
"2024/03/09","09:42","-0.878","0.3","-"
"2024/03/09","09:48","-0.851","0.31","-"
"2024/03/09","09:54","-0.815","0.34","-"
"2024/03/09","10:00","-0.769","0.38","-"
"2024/03/09","10:06","-0.712","0.43","-"
"2024/03/09","10:12","-0.643","0.5","-"
"2024/03/09","10:18","-0.562","0.58","-"
"2024/03/09","10:24","-0.467","0.68","-"
"2024/03/09","10:30","-0.358","0.8","-"
"2024/03/09","10:36","-0.235","0.93","-"
"2024/03/09","10:42","-0.097","1.08","-"
"2024/03/09","10:48","0.056","1.25","-"
"2024/03/09","10:54","0.225","1.46","-"
"2024/03/09","11:00","0.41","1.66","-"
"2024/03/09","11:06","0.609","1.88","-"
"2024/03/09","11:12","0.824","2.1","-"
"2024/03/09","11:18","1.053","2.36","-"
"2024/03/09","11:24","1.296","2.64","-"
"2024/03/09","11:30","1.551","2.91","-"
"2024/03/09","11:36","1.818","3.22","-"
"2024/03/09","11:42","2.095","3.54","-"
"2024/03/09","11:48","2.382","3.85","-"
"2024/03/09","11:54","2.675","4.17","-"
"2024/03/09","12:00","2.975","4.5","-"
"2024/03/09","12:06","3.278","4.82","-"
"2024/03/09","12:12","3.584","5.14","-"
"2024/03/09","12:18","3.891","5.46","-"
"2024/03/09","12:24","4.196","5.77","-"
"2024/03/09","12:30","4.498","6.08","-"
"2024/03/09","12:36","4.795","6.39","-"
"2024/03/09","12:42","5.086","6.7","-"
"2024/03/09","12:48","5.37","6.99","-"
"2024/03/09","12:54","5.644","7.28","-"
"2024/03/09","13:00","5.908","7.55","-"
"2024/03/09","13:06","6.16","7.83","-"
"2024/03/09","13:12","6.401","8.08","-"
"2024/03/09","13:18","6.628","8.3","-"
"2024/03/09","13:24","6.841","8.51","-"
"2024/03/09","13:30","7.041","8.69","-"
"2024/03/09","13:36","7.226","8.84","-"
"2024/03/09","13:42","7.397","8.99","-"
"2024/03/09","13:48","7.554","9.11","-"
"2024/03/09","13:54","7.697","9.23","-"
"2024/03/09","14:00","7.826","9.32","-"
"2024/03/09","14:06","7.943","9.4","-"
"2024/03/09","14:12","8.046","9.46","-"
"2024/03/09","14:18","8.137","9.51","-"
"2024/03/09","14:24","8.216","9.55","-"
"2024/03/09","14:30","8.285","9.59","-"
"2024/03/09","14:36","8.343","9.63","-"
"2024/03/09","14:42","8.391","9.64","-"
"2024/03/09","14:48","8.429","9.67","-"
"2024/03/09","14:54","8.459","9.71","-"
"2024/03/09","15:00","8.48","9.73","-"
"2024/03/09","15:06","8.493","9.76","-"
"2024/03/09","15:12","8.498","9.79","-"
"2024/03/09","15:18","8.495","9.79","-"
"2024/03/09","15:24","8.485","9.79","-"
"2024/03/09","15:30","8.467","9.82","-"
"2024/03/09","15:36","8.441","9.79","-"
"2024/03/09","15:42","8.407","9.77","-"
"2024/03/09","15:48","8.366","9.75","-"
"2024/03/09","15:54","8.316","9.72","-"
"2024/03/09","16:00","8.258","9.68","-"
"2024/03/09","16:06","8.191","9.65","-"
"2024/03/09","16:12","8.115","9.59","-"
"2024/03/09","16:18","8.029","9.54","-"
"2024/03/09","16:24","7.934","9.47","-"
"2024/03/09","16:30","7.828","9.38","-"
"2024/03/09","16:36","7.712","9.3","-"
"2024/03/09","16:42","7.585","9.21","-"
"2024/03/09","16:48","7.447","9.09","-"
"2024/03/09","16:54","7.299","8.98","-"
"2024/03/09","17:00","7.139","8.85","-"
"2024/03/09","17:06","6.968","8.71","-"
"2024/03/09","17:12","6.787","8.54","-"
"2024/03/09","17:18","6.595","8.34","-"
"2024/03/09","17:24","6.392","8.14","-"
"2024/03/09","17:30","6.18","7.93","-"
"2024/03/09","17:36","5.958","7.69","-"
"2024/03/09","17:42","5.727","7.45","-"
"2024/03/09","17:48","5.489","7.2","-"
"2024/03/09","17:54","5.243","6.94","-"
"2024/03/09","18:00","4.99","6.66","-"
"2024/03/09","18:06","4.732","6.38","-"
"2024/03/09","18:12","4.47","6.09","-"
"2024/03/09","18:18","4.204","5.81","-"
"2024/03/09","18:24","3.936","5.53","-"
"2024/03/09","18:30","3.667","5.25","-"
"2024/03/09","18:36","3.398","4.96","-"
"2024/03/09","18:42","3.13","4.67","-"
"2024/03/09","18:48","2.865","4.4","-"
"2024/03/09","18:54","2.602","4.13","-"
"2024/03/09","19:00","2.345","3.88","-"
"2024/03/09","19:06","2.093","3.62","-"
"2024/03/09","19:12","1.848","3.38","-"
"2024/03/09","19:18","1.61","3.15","-"
"2024/03/09","19:24","1.38","2.9","-"
"2024/03/09","19:30","1.159","2.66","-"
"2024/03/09","19:36","0.948","2.46","-"
"2024/03/09","19:42","0.746","2.27","-"
"2024/03/09","19:48","0.555","2.09","-"
"2024/03/09","19:54","0.375","1.94","-"
"2024/03/09","20:00","0.206","1.78","-"
"2024/03/09","20:06","0.047","1.65","-"
"2024/03/09","20:12","-0.101","1.54","-"
"2024/03/09","20:18","-0.239","1.43","-"
"2024/03/09","20:24","-0.366","1.34","-"
"2024/03/09","20:30","-0.484","1.24","-"
"2024/03/09","20:36","-0.592","1.19","-"
"2024/03/09","20:42","-0.69","1.14","-"
"2024/03/09","20:48","-0.78","1.12","-"
"2024/03/09","20:54","-0.862","1.07","-"
"2024/03/09","21:00","-0.936","1.05","-"
"2024/03/09","21:06","-1.003","1.03","-"
"2024/03/09","21:12","-1.062","1","-"
"2024/03/09","21:18","-1.114","0.97","-"
"2024/03/09","21:24","-1.159","0.94","-"
"2024/03/09","21:30","-1.198","0.9","-"
"2024/03/09","21:36","-1.23","0.85","-"
"2024/03/09","21:42","-1.255","0.81","-"
"2024/03/09","21:48","-1.273","0.79","-"
"2024/03/09","21:54","-1.283","0.76","-"
"2024/03/09","22:00","-1.285","0.74","-"
"2024/03/09","22:06","-1.279","0.73","-"
"2024/03/09","22:12","-1.263","0.72","-"
"2024/03/09","22:18","-1.237","0.71","-"
"2024/03/09","22:24","-1.201","0.73","-"
"2024/03/09","22:30","-1.152","0.78","-"
"2024/03/09","22:36","-1.092","0.81","-"
"2024/03/09","22:42","-1.018","0.88","-"
"2024/03/09","22:48","-0.93","0.97","-"
"2024/03/09","22:54","-0.828","1.05","-"
"2024/03/09","23:00","-0.71","1.16","-"
"2024/03/09","23:06","-0.576","1.29","-"
"2024/03/09","23:12","-0.427","1.41","-"
"2024/03/09","23:18","-0.261","1.57","-"
"2024/03/09","23:24","-0.079","1.75","-"
"2024/03/09","23:30","0.12","1.96","-"
"2024/03/09","23:36","0.334","2.19","-"
"2024/03/09","23:42","0.563","2.46","-"
"2024/03/09","23:48","0.807","2.73","-"
"2024/03/09","23:54","1.064","3.03","-"
"2024/03/10","00:00","1.334","3.34","-"
"2024/03/10","00:06","1.615","3.67","-"
"2024/03/10","00:12","1.906","4.02","-"
"2024/03/10","00:18","2.205","4.38","-"
"2024/03/10","00:24","2.511","4.72","-"
"2024/03/10","00:30","2.822","5.07","-"
"2024/03/10","00:36","3.135","5.45","-"
"2024/03/10","00:42","3.45","5.81","-"
"2024/03/10","00:48","3.764","6.18","-"
"2024/03/10","00:54","4.075","6.52","-"
"2024/03/10","01:00","4.382","6.87","-"
"2024/03/10","01:06","4.684","7.25","-"
"2024/03/10","01:12","4.977","7.59","-"
"2024/03/10","01:18","5.262","7.91","-"
"2024/03/10","01:24","5.537","8.22","-"
"2024/03/10","01:30","5.801","8.5","-"
"2024/03/10","01:36","6.052","8.76","-"
"2024/03/10","01:42","6.29","9.03","-"
"2024/03/10","01:48","6.515","9.24","-"
"2024/03/10","01:54","6.725","9.44","-"
"2024/03/10","02:00","6.921","9.62","-"
"2024/03/10","02:06","7.103","9.78","-"
"2024/03/10","02:12","7.27","9.93","-"
"2024/03/10","02:18","7.423","10.05","-"
"2024/03/10","02:24","7.562","10.15","-"
"2024/03/10","02:30","7.687","10.25","-"
"2024/03/10","02:36","7.8","10.31","-"
"2024/03/10","02:42","7.899","10.37","-"
"2024/03/10","02:48","7.987","10.41","-"
"2024/03/10","02:54","8.063","10.44","-"
"2024/03/10","03:00","8.129","10.47","-"
"2024/03/10","03:06","8.184","10.51","-"
"2024/03/10","03:12","8.23","10.55","-"
"2024/03/10","03:18","8.266","10.56","-"
"2024/03/10","03:24","8.293","10.61","-"
"2024/03/10","03:30","8.312","10.65","-"
"2024/03/10","03:36","8.323","10.69","-"
"2024/03/10","03:42","8.326","10.73","-"
"2024/03/10","03:48","8.321","10.78","-"
"2024/03/10","03:54","8.308","10.82","-"
"2024/03/10","04:00","8.288","10.85","-"
"2024/03/10","04:06","8.259","10.87","-"
"2024/03/10","04:12","8.222","10.87","-"
"2024/03/10","04:18","8.177","10.88","-"
"2024/03/10","04:24","8.123","10.85","-"
"2024/03/10","04:30","8.06","10.84","-"
"2024/03/10","04:36","7.988","10.82","-"
"2024/03/10","04:42","7.906","10.77","-"
"2024/03/10","04:48","7.814","10.74","-"
"2024/03/10","04:54","7.711","10.7","-"
"2024/03/10","05:00","7.598","10.64","-"
"2024/03/10","05:06","7.474","10.57","-"
"2024/03/10","05:12","7.34","10.49","-"
"2024/03/10","05:18","7.193","10.39","-"
"2024/03/10","05:24","7.036","10.27","-"
"2024/03/10","05:30","6.867","10.14","-"
"2024/03/10","05:36","6.688","9.98","-"
"2024/03/10","05:42","6.497","9.81","-"
"2024/03/10","05:48","6.296","9.6","-"
"2024/03/10","05:54","6.085","9.39","-"
"2024/03/10","06:00","5.864","9.16","-"
"2024/03/10","06:06","5.634","8.91","-"
"2024/03/10","06:12","5.396","8.65","-"
"2024/03/10","06:18","5.15","8.38","-"
"2024/03/10","06:24","4.898","8.09","-"
"2024/03/10","06:30","4.64","7.79","-"
"2024/03/10","06:36","4.377","7.49","-"
"2024/03/10","06:42","4.111","7.18","-"
"2024/03/10","06:48","3.843","6.88","-"
"2024/03/10","06:54","3.573","6.57","-"
"2024/03/10","07:00","3.303","6.29","-"
"2024/03/10","07:06","3.034","6.03","-"
"2024/03/10","07:12","2.767","5.77","-"
"2024/03/10","07:18","2.504","5.52","-"
"2024/03/10","07:24","2.246","5.26","-"
"2024/03/10","07:30","1.993","5","-"
"2024/03/10","07:36","1.746","4.75","-"
"2024/03/10","07:42","1.507","4.49","-"
"2024/03/10","07:48","1.277","4.23","-"
"2024/03/10","07:54","1.055","3.98","-"
"2024/03/10","08:00","0.843","3.74","-"
"2024/03/10","08:06","0.642","3.51","-"
"2024/03/10","08:12","0.45","3.32","-"
"2024/03/10","08:18","0.27","3.14","-"
"2024/03/10","08:24","0.1","2.96","-"
"2024/03/10","08:30","-0.058","2.79","-"
"2024/03/10","08:36","-0.206","2.67","-"
"2024/03/10","08:42","-0.343","2.54","-"
"2024/03/10","08:48","-0.469","2.43","-"
"2024/03/10","08:54","-0.585","2.34","-"
"2024/03/10","09:00","-0.692","2.26","-"
"2024/03/10","09:06","-0.788","2.19","-"
"2024/03/10","09:12","-0.876","2.14","-"
"2024/03/10","09:18","-0.956","2.08","-"
"2024/03/10","09:24","-1.027","2.06","-"
"2024/03/10","09:30","-1.09","2.04","-"
"2024/03/10","09:36","-1.146","2.03","-"
"2024/03/10","09:42","-1.195","2.05","-"
"2024/03/10","09:48","-1.237","2.03","-"
"2024/03/10","09:54","-1.271","2.02","-"
"2024/03/10","10:00","-1.299","2.02","-"
"2024/03/10","10:06","-1.319","2.01","-"
"2024/03/10","10:12","-1.332","1.99","-"
"2024/03/10","10:18","-1.337","1.96","-"
"2024/03/10","10:24","-1.334","1.92","-"
"2024/03/10","10:30","-1.322","1.9","-"
"2024/03/10","10:36","-1.301","1.87","-"
"2024/03/10","10:42","-1.269","1.85","-"
"2024/03/10","10:48","-1.226","1.84","-"
"2024/03/10","10:54","-1.172","1.82","-"
"2024/03/10","11:00","-1.105","1.82","-"
"2024/03/10","11:06","-1.025","1.82","-"
"2024/03/10","11:12","-0.93","1.82","-"
"2024/03/10","11:18","-0.821","1.84","-"
"2024/03/10","11:24","-0.696","1.88","-"
"2024/03/10","11:30","-0.555","1.93","-"
"2024/03/10","11:36","-0.398","2","-"
"2024/03/10","11:42","-0.224","2.09","-"
"2024/03/10","11:48","-0.034","2.19","-"
"2024/03/10","11:54","0.172","2.31","-"
"2024/03/10","12:00","0.395","2.46","-"
"2024/03/10","12:06","0.632","2.64","-"
"2024/03/10","12:12","0.885","2.85","-"
"2024/03/10","12:18","1.151","3.07","-"
"2024/03/10","12:24","1.43","3.33","-"
"2024/03/10","12:30","1.721","3.61","-"
"2024/03/10","12:36","2.021","3.93","-"
"2024/03/10","12:42","2.33","4.27","-"
"2024/03/10","12:48","2.645","4.64","-"
"2024/03/10","12:54","2.965","5.02","-"
"2024/03/10","13:00","3.289","5.41","-"
"2024/03/10","13:06","3.613","5.79","-"
"2024/03/10","13:12","3.937","6.16","-"
"2024/03/10","13:18","4.258","6.53","-"
"2024/03/10","13:24","4.575","6.86","-"
"2024/03/10","13:30","4.886","7.19","-"
"2024/03/10","13:36","5.189","7.51","-"
"2024/03/10","13:42","5.483","7.84","-"
"2024/03/10","13:48","5.767","8.12","-"
"2024/03/10","13:54","6.039","8.38","-"
"2024/03/10","14:00","6.299","8.61","-"
"2024/03/10","14:06","6.545","8.82","-"
"2024/03/10","14:12","6.777","9.02","-"
"2024/03/10","14:18","6.995","9.2","-"
"2024/03/10","14:24","7.197","9.35","-"
"2024/03/10","14:30","7.385","9.48","-"
"2024/03/10","14:36","7.558","9.58","-"
"2024/03/10","14:42","7.716","9.66","-"
"2024/03/10","14:48","7.859","9.74","-"
"2024/03/10","14:54","7.989","9.78","-"
"2024/03/10","15:00","8.105","9.81","-"
"2024/03/10","15:06","8.207","9.84","-"
"2024/03/10","15:12","8.297","9.86","-"
"2024/03/10","15:18","8.376","9.85","-"
"2024/03/10","15:24","8.442","9.87","-"
"2024/03/10","15:30","8.498","9.87","-"
"2024/03/10","15:36","8.544","9.88","-"
"2024/03/10","15:42","8.58","9.88","-"
"2024/03/10","15:48","8.607","-","-"
"2024/03/10","15:54","8.625","-","-"
"2024/03/10","16:00","8.634","-","-"
"2024/03/10","16:06","8.635","-","-"
"2024/03/10","16:12","8.628","-","-"
"2024/03/10","16:18","8.612","-","-"
"2024/03/10","16:24","8.588","-","-"
"2024/03/10","16:30","8.556","-","-"
"2024/03/10","16:36","8.515","-","-"
"2024/03/10","16:42","8.465","-","-"
"2024/03/10","16:48","8.407","-","-"
"2024/03/10","16:54","8.339","-","-"
"2024/03/10","17:00","8.261","-","-"
"2024/03/10","17:06","8.173","-","-"
"2024/03/10","17:12","8.075","-","-"
"2024/03/10","17:18","7.966","-","-"
"2024/03/10","17:24","7.847","-","-"
"2024/03/10","17:30","7.716","-","-"
"2024/03/10","17:36","7.574","-","-"
"2024/03/10","17:42","7.42","-","-"
"2024/03/10","17:48","7.255","-","-"
"2024/03/10","17:54","7.079","-","-"
"2024/03/10","18:00","6.891","-","-"
"2024/03/10","18:06","6.692","-","-"
"2024/03/10","18:12","6.482","-","-"
"2024/03/10","18:18","6.262","-","-"
"2024/03/10","18:24","6.032","-","-"
"2024/03/10","18:30","5.793","-","-"
"2024/03/10","18:36","5.545","-","-"
"2024/03/10","18:42","5.29","-","-"
"2024/03/10","18:48","5.028","-","-"
"2024/03/10","18:54","4.76","-","-"
"2024/03/10","19:00","4.488","-","-"
"2024/03/10","19:06","4.212","-","-"
"2024/03/10","19:12","3.933","-","-"
"2024/03/10","19:18","3.653","-","-"
"2024/03/10","19:24","3.373","-","-"
"2024/03/10","19:30","3.094","-","-"
"2024/03/10","19:36","2.818","-","-"
"2024/03/10","19:42","2.545","-","-"
"2024/03/10","19:48","2.277","-","-"
"2024/03/10","19:54","2.014","-","-"
"2024/03/10","20:00","1.758","-","-"
"2024/03/10","20:06","1.509","-","-"
"2024/03/10","20:12","1.269","-","-"
"2024/03/10","20:18","1.039","-","-"
"2024/03/10","20:24","0.818","-","-"
"2024/03/10","20:30","0.607","-","-"
"2024/03/10","20:36","0.408","-","-"
"2024/03/10","20:42","0.219","-","-"
"2024/03/10","20:48","0.042","-","-"
"2024/03/10","20:54","-0.124","-","-"
"2024/03/10","21:00","-0.279","-","-"
"2024/03/10","21:06","-0.423","-","-"
"2024/03/10","21:12","-0.556","-","-"
"2024/03/10","21:18","-0.678","-","-"
"2024/03/10","21:24","-0.79","-","-"
"2024/03/10","21:30","-0.892","-","-"
"2024/03/10","21:36","-0.984","-","-"
"2024/03/10","21:42","-1.068","-","-"
"2024/03/10","21:48","-1.143","-","-"
"2024/03/10","21:54","-1.209","-","-"
"2024/03/10","22:00","-1.268","-","-"
"2024/03/10","22:06","-1.319","-","-"
"2024/03/10","22:12","-1.362","-","-"
"2024/03/10","22:18","-1.398","-","-"
"2024/03/10","22:24","-1.427","-","-"
"2024/03/10","22:30","-1.448","-","-"
"2024/03/10","22:36","-1.461","-","-"
"2024/03/10","22:42","-1.466","-","-"
"2024/03/10","22:48","-1.462","-","-"
"2024/03/10","22:54","-1.449","-","-"
"2024/03/10","23:00","-1.426","-","-"
"2024/03/10","23:06","-1.393","-","-"
"2024/03/10","23:12","-1.348","-","-"
"2024/03/10","23:18","-1.291","-","-"
"2024/03/10","23:24","-1.222","-","-"
"2024/03/10","23:30","-1.139","-","-"
"2024/03/10","23:36","-1.041","-","-"
"2024/03/10","23:42","-0.929","-","-"
"2024/03/10","23:48","-0.8","-","-"
"2024/03/10","23:54","-0.656","-","-"